country,alpha3,year,import,retail,consumption,population,gdp
Austria,AUT,1990,1879.7170038,4.9,1340.1239854,7677850.0,166463386179.354
Austria,AUT,1991,2058.2710046,4.57,1302.0859699,7754891.0,173794177961.108
Austria,AUT,1992,2206.416005,4.99,1212.3339637,7840709.0,195078126721.763
Austria,AUT,1993,1836.4890021,4.97,1335.0009818,7905633.0,190379720809.18
Austria,AUT,1994,1417.2140039,4.58,1086.2189956,7936118.0,203535242741.838
Austria,AUT,1995,1231.4360012,5.18,1011.7699957,7948278.0,241038283062.645
Austria,AUT,1996,1210.4660056,5.42,1075.7880005,7959017.0,237250948791.266
Austria,AUT,1997,1294.2034055,4.37,1087.0795972,7968041.0,212790348404.555
Austria,AUT,1998,1293.3541061,3.97,1104.738197,7976789.0,218259904401.956
Austria,AUT,1999,1499.7770114,3.28,1123.2972894,7992324.0,217259147049.954
Austria,AUT,2000,1257.2328923,3.05,874.7312789,8011566.0,197289625479.906
Austria,AUT,2001,1432.4135883,2.93,1012.6639738,8042293.0,197508773215.323
Austria,AUT,2002,1447.2073888,2.86,926.0268695,8081957.0,214394866675.24
Austria,AUT,2003,1336.0595881,3.18,719.572364,8121423.0,262273631180.054
Austria,AUT,2004,1538.1561912,3.33,995.8237748,8171966.0,301457562038.541
Austria,AUT,2005,1576.5789304,3.77,772.0661355,8227829.0,316092273276.015
Austria,AUT,2006,1600.652025,4.13,612.4706464,8268641.0,336280064332.411
Austria,AUT,2007,1968.1126993,4.27,846.8156569,8295487.0,389185571506.052
Austria,AUT,2008,1901.0666958,4.74,907.8868183,8321496.0,432051935642.945
Austria,AUT,2009,1309.234032,6.95,885.7158476,8343323.0,401758735822.211
Austria,AUT,2010,1369.2002988,6.69,902.8543286,8363404.0,392275107258.667
Austria,AUT,2011,1452.4929051,8.32,1117.3456428,8391643.0,431685217367.511
Austria,AUT,2012,1558.6093658,8.38,1269.0194578,8429991.0,409401816050.531
Austria,AUT,2013,1554.9269506,8.62,1249.0561033,8479823.0,430190979705.962
Austria,AUT,2014,1525.0810799,8.63,1134.7097223,8546356.0,442584815286.034
Austria,AUT,2015,1513.3902855,7.44,1135.8385496,8642699.0,381971148530.543
Austria,AUT,2016,1494.9385599,5.64,1193.2470822,8736668.0,395837353031.499
Austria,AUT,2017,1459.9115324,6.22,1161.6183913,8797566.0,417261151844.977
Austria,AUT,2018,1429.4068315,6.63,1171.9932827,8840521.0,454991174096.102
Austria,AUT,2019,1447.5136643,6.1660699999999995,1173.3516852,8879920.0,444621176100.548
Belgium,BEL,1990,,3.27,,9967379.0,205331747947.851
Belgium,BEL,1991,,2.92,,10004486.0,210510999409.333
Belgium,BEL,1992,,3.05,,10045158.0,234781652446.675
Belgium,BEL,1993,,2.78,,10084475.0,224721795708.955
Belgium,BEL,1994,,3.42,,10115603.0,244884129491.198
Belgium,BEL,1995,,4.88,,10136811.0,288025588396.278
Belgium,BEL,1996,,4.04,,10156637.0,279201433224.756
Belgium,BEL,1997,,3.98,,10181245.0,252708051420.839
Belgium,BEL,1998,,4.19,,10203008.0,258528339631.029
Belgium,BEL,1999,3003.0055122,3.55,834.4924752,10226419.0,258245733221.468
Belgium,BEL,2000,3490.6155829,3.22,1133.3605635,10251250.0,236792460312.471
Belgium,BEL,2001,3208.6271807,3.0,884.2332676,10286570.0,236746141604.37
Belgium,BEL,2002,3792.172778,3.05,1484.300964,10332785.0,258383599375.177
Belgium,BEL,2003,3817.6140246,3.6,1579.4185707,10376133.0,318082528506.588
Belgium,BEL,2004,3968.3045651,3.87,1396.2354379,10421137.0,369214712443.206
Belgium,BEL,2005,4063.2250758,4.1,1158.0377555,10478617.0,385714762230.039
Belgium,BEL,2006,4604.6839771,4.32,1537.4130848,10547958.0,408259840868.823
Belgium,BEL,2007,4013.653412,4.91,1103.1183459,10625700.0,470922156309.453
Belgium,BEL,2008,6792.086621,5.46,649.9305163,10709973.0,517328087920.078
Belgium,BEL,2009,5915.5005882,5.26,934.292881,10796493.0,483254171097.812
Belgium,BEL,2010,5923.7299927,5.18,870.6651789,10895586.0,481420882905.001
Belgium,BEL,2011,5828.442382,6.48,934.4687495,11038264.0,523330354138.133
Belgium,BEL,2012,5668.2318442,6.2,914.636559,11106932.0,496152879924.727
Belgium,BEL,2013,5502.1436397,6.24,1245.1647608,11159407.0,521791015247.06
Belgium,BEL,2014,5211.7492738,,1258.936808,11209057.0,535390200131.018
Belgium,BEL,2015,5533.5142058,,1073.6106709,11274196.0,462335574841.484
Belgium,BEL,2016,6052.1701635,,1502.1248037,11331422.0,476062757356.927
Belgium,BEL,2017,5677.3791389,,1300.0548747,11375158.0,502764720556.354
Belgium,BEL,2018,5742.2534044,,1364.9266567,11427054.0,543299066998.902
Belgium,BEL,2019,6198.896527,,1185.3763393,11488980.0,535830876745.097
Bulgaria,BGR,1990,268.1829982,,101.7829982,8718289.0,20632090909.0909
Bulgaria,BGR,1991,200.2200014,,16.7610014,8632367.0,10943548387.0968
Bulgaria,BGR,1992,182.2310123,,174.8780121,8540164.0,10350515463.9175
Bulgaria,BGR,1993,397.4430059,,326.9550058,8472313.0,10829710144.9275
Bulgaria,BGR,1994,462.6680067,,352.7640061,8443591.0,9697416974.16974
Bulgaria,BGR,1995,515.418008,,393.4080072,8406067.0,18983288690.4762
Bulgaria,BGR,1996,272.1599948,,246.4749948,8362826.0,12294204609.3311
Bulgaria,BGR,1997,294.1540027,,274.9180026,8312068.0,11315986087.1633
Bulgaria,BGR,1998,342.1220043,,324.1600044,8256786.0,15030696432.6289
Bulgaria,BGR,1999,366.9190043,,363.0424046,8210624.0,13627325461.1743
Bulgaria,BGR,2000,280.7270156,,275.0848163,8170172.0,13245834314.5104
Bulgaria,BGR,2001,354.9049957,,350.399596,8009142.0,14183497963.1071
Bulgaria,BGR,2002,343.4319971,2.15,340.5686971,7837161.0,16402846413.0958
Bulgaria,BGR,2003,400.3609976,2.68,397.3146976,7775327.0,21144982397.4144
Bulgaria,BGR,2004,366.8488919,2.93,364.1907962,7716860.0,26157892832.2011
Bulgaria,BGR,2005,440.5141695,2.92,430.0139857,7658972.0,29869284035.3218
Bulgaria,BGR,2006,434.5516861,2.9,420.3825188,7601022.0,34379808888.6039
Bulgaria,BGR,2007,393.3613084,3.48,364.1899682,7545338.0,44432811756.4731
Bulgaria,BGR,2008,517.2056848,4.05,444.7178889,7492561.0,54481376860.3695
Bulgaria,BGR,2009,522.9957876,3.84,409.2759028,7444443.0,52023505367.1714
Bulgaria,BGR,2010,528.3720815,3.62,395.3579912,7395599.0,50682061053.2016
Bulgaria,BGR,2011,481.5102089,4.16,359.5197507,7348328.0,57678241023.818
Bulgaria,BGR,2012,559.8250658,3.44,375.9412509,7305888.0,54300857424.4415
Bulgaria,BGR,2013,609.4866685,3.59,418.6068473,7265115.0,55810138436.4821
Bulgaria,BGR,2014,620.7089657,3.75,376.236244,7223938.0,57082011260.3446
Bulgaria,BGR,2015,681.7565892,3.45,406.257101,7177991.0,50781996712.7635
Bulgaria,BGR,2016,779.1600127,3.79,452.3459583,7127822.0,53953897624.4344
Bulgaria,BGR,2017,706.8825173,4.64,415.0117807,7075947.0,59199447421.4924
Bulgaria,BGR,2018,737.2439834,4.58,425.7194675,7025037.0,66363537115.2686
Bulgaria,BGR,2019,784.8967153,4.208544,423.0666504,6975761.0,68915875214.6537
Croatia,HRV,1990,,,,4777368.0,
Croatia,HRV,1991,,,,4689022.0,
Croatia,HRV,1992,168.1900054,,134.545004,4575818.0,
Croatia,HRV,1993,162.7740011,,131.8899998,4600463.0,
Croatia,HRV,1994,193.4500023,,163.8620011,4652024.0,
Croatia,HRV,1995,320.1320059,,288.4810046,4620030.0,22643720762.9666
Croatia,HRV,1996,321.8359979,,304.4689979,4557097.0,24004834103.591
Croatia,HRV,1997,385.2970035,,361.3960026,4534920.0,24029651136.9587
Croatia,HRV,1998,339.0510012,,319.7300002,4532135.0,25732125031.9808
Croatia,HRV,1999,352.0830048,,337.1680041,4512597.0,23628947414.5284
Croatia,HRV,2000,344.3819963,,327.1239955,4468302.0,21807856145.1037
Croatia,HRV,2001,352.088997,,336.7679964,4299642.0,23259567777.5327
Croatia,HRV,2002,370.9149955,,354.8629948,4302174.0,27085262278.8634
Croatia,HRV,2003,392.5739971,,375.4279963,4303399.0,35022903386.8064
Croatia,HRV,2004,388.3918396,,370.0095474,4304600.0,42013459301.7962
Croatia,HRV,2005,391.5995398,,373.7530593,4310145.0,45835098187.6637
Croatia,HRV,2006,404.1215639,,386.1328524,4311159.0,50915016294.105
Croatia,HRV,2007,413.7646766,,386.3344636,4310217.0,60641942979.2183
Croatia,HRV,2008,405.3261764,,377.1421853,4309705.0,70943300079.4666
Croatia,HRV,2009,394.0485164,,365.637529,4305181.0,63324394633.9008
Croatia,HRV,2010,393.825469,,369.8385933,4295427.0,60672093864.787
Croatia,HRV,2011,390.8739587,,367.1531434,4280622.0,63408294943.4855
Croatia,HRV,2012,384.4903604,,360.3641197,4267558.0,57369359295.2829
Croatia,HRV,2013,412.8494215,,386.5626254,4255689.0,59032066091.7147
Croatia,HRV,2014,419.6735498,,368.4599917,4238389.0,58423981441.1801
Croatia,HRV,2015,437.201445,,374.6475415,4203604.0,50242783066.1173
Croatia,HRV,2016,478.6666582,,379.5851774,4174349.0,52397494687.4863
Croatia,HRV,2017,439.0744122,,361.1059738,4124531.0,56323836169.7177
Croatia,HRV,2018,445.5136108,,359.9373897,4087843.0,62316840749.9705
Croatia,HRV,2019,466.4175265,,380.505772,4065253.0,62327983579.5899
Cyprus,CYP,1990,49.853999,2.83,30.5709991,788500.0,5591130217.66965
Cyprus,CYP,1991,53.9259999,2.8,44.6969996,799061.0,5770197348.48485
Cyprus,CYP,1992,40.8759994,2.87,39.3039993,810431.0,6912150456.32334
Cyprus,CYP,1993,77.4120001,2.6,77.5160004,825986.0,6590291048.29211
Cyprus,CYP,1994,51.8360006,3.18,45.3690006,844444.0,7425703928.57143
Cyprus,CYP,1995,43.7689997,4.26,42.6779996,862418.0,9933133247.08926
Cyprus,CYP,1996,51.5019993,4.13,51.7409994,880058.0,10011918444.1656
Cyprus,CYP,1997,41.3409992,4.04,46.4959993,897471.0,9547818700.11403
Cyprus,CYP,1998,49.7789994,4.61,46.2059995,914660.0,10248617647.0588
Cyprus,CYP,1999,55.4585999,4.39,53.9413,931600.0,10497908306.3646
Cyprus,CYP,2000,68.5379972,3.58,66.7969972,948237.0,9985844486.33365
Cyprus,CYP,2001,59.0464969,3.58,52.8910969,964830.0,10397897085.6102
Cyprus,CYP,2002,56.6288971,4.05,51.3787973,982194.0,11420227884.6154
Cyprus,CYP,2003,58.7975968,4.92,53.0959969,1000350.0,14547325028.3126
Cyprus,CYP,2004,59.3537956,5.23,59.8123959,1018684.0,17320552500.0
Cyprus,CYP,2005,80.0981044,5.28,69.6475053,1037062.0,18433411267.2553
Cyprus,CYP,2006,73.8042354,5.34,55.4956657,1055438.0,20072786350.5206
Cyprus,CYP,2007,71.4217923,5.76,69.2840491,1073873.0,23968764029.5647
Cyprus,CYP,2008,77.5144181,5.67,77.2930951,1092390.0,27844698989.3072
Cyprus,CYP,2009,71.7398673,5.53,75.4378673,1110974.0,25945391775.4932
Cyprus,CYP,2010,76.7284479,5.21,73.9056481,1129686.0,25800247911.9714
Cyprus,CYP,2011,82.0787537,6.06,80.7935252,1145086.0,27642086581.2918
Cyprus,CYP,2012,83.8774691,6.36,85.3983201,1156556.0,25048659899.7816
Cyprus,CYP,2013,93.7661831,6.47,89.3106288,1166968.0,23961144906.3621
Cyprus,CYP,2014,94.3881005,6.48,80.7359171,1176995.0,23226782250.5646
Cyprus,CYP,2015,89.3048755,5.3,92.7164588,1187280.0,19909190058.804
Cyprus,CYP,2016,93.1533074,5.3,93.0903748,1197881.0,21046951516.4932
Cyprus,CYP,2017,99.9338742,5.5,97.2743616,1208523.0,22946726163.5789
Cyprus,CYP,2018,133.1795419,5.79,129.8045918,1218831.0,25596474964.5725
Cyprus,CYP,2019,133.2248737,5.3939710000000005,115.4245736,1228836.0,25944504645.6957
Czechia,CZE,1990,659.433,,659.433,10333355.0,40728950704.6176
Czechia,CZE,1991,525.274,,525.274,10308578.0,29859921158.8696
Czechia,CZE,1992,474.7310027,,472.1560042,10319123.0,34805013229.572
Czechia,CZE,1993,514.2770051,,448.3950038,10329855.0,40866748705.1075
Czechia,CZE,1994,553.7970031,,508.7240003,10333587.0,47850203856.1751
Czechia,CZE,1995,553.1969994,,511.4539975,10327253.0,60147174076.8651
Czechia,CZE,1996,525.2980024,,474.9920028,10315241.0,67387788632.9812
Czechia,CZE,1997,560.2250029,4.31,484.5799989,10304131.0,62180159376.1239
Czechia,CZE,1998,764.8390017,5.1,523.4079971,10294373.0,66807429711.411
Czechia,CZE,1999,727.6767881,3.91,557.6873572,10283860.0,65173130995.2212
Czechia,CZE,2000,808.9423769,3.36,560.2263965,10255063.0,61828166496.0941
Czechia,CZE,2001,899.2526326,2.91,633.0506651,10216605.0,67808032979.5429
Czechia,CZE,2002,887.8802292,2.99,641.5285778,10196916.0,82196001050.7474
Czechia,CZE,2003,974.0662495,3.1,622.6632594,10193998.0,100090467581.268
Czechia,CZE,2004,928.8746985,3.46,604.6831455,10197101.0,119814434353.575
Czechia,CZE,2005,1063.4138261,3.79,656.4660993,10211216.0,137143471328.274
Czechia,CZE,2006,940.4783432,3.95,631.0135547,10238905.0,156264095664.643
Czechia,CZE,2007,1037.0786611,4.39,678.9607778,10298828.0,190183800884.018
Czechia,CZE,2008,1037.3267569,5.76,621.412751,10384603.0,236816485762.988
Czechia,CZE,2009,930.025889,5.16,525.1680463,10443936.0,207434296805.33
Czechia,CZE,2010,950.7219282,5.01,469.731678,10474410.0,209069940963.177
Czechia,CZE,2011,952.3665949,6.58,572.4584702,10496088.0,229562733398.948
Czechia,CZE,2012,1126.6229015,7.13,685.226286,10510785.0,208857719320.649
Czechia,CZE,2013,1183.8822421,7.0,637.4253164,10514272.0,211685616592.931
Czechia,CZE,2014,1822.6907791,6.61,998.1837939,10525347.0,209358834156.329
Czechia,CZE,2015,2067.8385692,5.75,708.3671582,10546059.0,188033050459.881
Czechia,CZE,2016,1779.3512446,6.14,806.0065798,10566332.0,196272068576.338
Czechia,CZE,2017,1506.9672190000001,6.58,804.1731111,10594438.0,218628940951.675
Czechia,CZE,2018,1903.1589019,7.27,1157.5944677,10629928.0,249000540729.179
Czechia,CZE,2019,1608.9214704,6.697826,842.701369,10671870.0,252548179964.897
Denmark,DNK,1990,959.1050037,3.81,865.1389994,5140939.0,138247285815.855
Denmark,DNK,1991,982.7570044,3.67,908.5420009,5154298.0,139224688814.195
Denmark,DNK,1992,1061.6230043,3.79,958.834999,5171370.0,152915654478.885
Denmark,DNK,1993,993.9470002,3.48,890.5559968,5188628.0,143195627014.605
Denmark,DNK,1994,1033.1840026,4.45,908.4830013,5206180.0,156162386724.523
Denmark,DNK,1995,877.1590019,5.57,757.796998,5233373.0,185006881515.065
Denmark,DNK,1996,1005.9992001,4.81,895.013997,5263074.0,187632346387.984
Denmark,DNK,1997,949.0705001,4.96,808.4571944,5284991.0,173537647058.824
Denmark,DNK,1998,1013.7232012,4.92,853.6600935,5304219.0,176991934992.837
Denmark,DNK,1999,1093.7793024,3.93,868.8648934,5321799.0,177965188354.692
Denmark,DNK,2000,1021.7982959,3.45,790.6439887,5339616.0,164158739097.623
Denmark,DNK,2001,1102.9635947,3.19,868.401388,5358783.0,164791442543.375
Denmark,DNK,2002,1075.8004931,3.09,804.5923848,5375931.0,178635163717.431
Denmark,DNK,2003,1001.5821907,3.57,724.0392818,5390574.0,218096033517.009
Denmark,DNK,2004,1119.4503873,3.96,848.8462806,5404523.0,251373002954.382
Denmark,DNK,2005,993.3597532,4.28,794.5496071,5419432.0,264467336457.17
Denmark,DNK,2006,1004.1628306,4.43,822.4936613,5437272.0,282884947702.966
Denmark,DNK,2007,995.1983116,4.82,794.2843231,5461438.0,319423424509.066
Denmark,DNK,2008,900.3654349,5.4,688.3443275,5493621.0,353361038818.383
Denmark,DNK,2009,859.8465934,5.29,676.2529948,5523095.0,321241303699.006
Denmark,DNK,2010,1014.6408946,5.44,806.4887504,5547683.0,321995279401.502
Denmark,DNK,2011,908.8697406,6.92,762.2586282,5570572.0,344003137611.271
Denmark,DNK,2012,913.0989936,6.72,799.8243258,5591572.0,327148943812.137
Denmark,DNK,2013,921.1789153,6.36,822.179798,5614932.0,343584391647.927
Denmark,DNK,2014,853.4238792,6.43,748.0282954,5643475.0,352993631617.708
Denmark,DNK,2015,840.7776365,5.85,731.400626,5683483.0,302673070846.857
Denmark,DNK,2016,905.7896194,4.94,753.3328152,5728010.0,313115929314.339
Denmark,DNK,2017,852.1933331,5.03,732.5193588,5764980.0,332121063806.391
Denmark,DNK,2018,867.9505231,5.3,739.4943277,5793636.0,356841216410.068
Denmark,DNK,2019,907.935154,4.8534820000000005,778.1426163,5814422.0,346498737961.635
Estonia,EST,1990,,,,1569174.0,
Estonia,EST,1991,,,,1561314.0,
Estonia,EST,1992,16.3780004,,12.9090002,1533091.0,
Estonia,EST,1993,51.1479976,,44.1889984,1494128.0,
Estonia,EST,1994,83.0979984,,63.1639953,1462514.0,
Estonia,EST,1995,107.4780016,,82.8480035,1436634.0,4502970889.06373
Estonia,EST,1996,116.9180065,,84.2140102,1415594.0,4786018988.16491
Estonia,EST,1997,141.1149967,,98.8619984,1399535.0,5154420649.23354
Estonia,EST,1998,134.6589964,,89.5309963,1386156.0,5674080542.88575
Estonia,EST,1999,130.9134032,,95.2534046,1390244.0,5756912265.75809
Estonia,EST,2000,105.3046037,,97.3386033,1396985.0,5686579747.53524
Estonia,EST,2001,160.8885019,,106.9025036,1388115.0,6254649538.98487
Estonia,EST,2002,119.7034255,,110.8098218,1379350.0,7367975887.72723
Estonia,EST,2003,133.8062641,,114.3622634,1370720.0,9874013098.46432
Estonia,EST,2004,175.7325059,,128.524104,1362550.0,12145911801.2422
Estonia,EST,2005,221.1360714,,144.660116,1354775.0,14106790200.2239
Estonia,EST,2006,254.4241989,,166.942772,1346810.0,17022870405.2189
Estonia,EST,2007,277.1065846,,101.1320074,1340680.0,22449129482.617
Estonia,EST,2008,334.3833741,,153.8600031,1337090.0,24341678628.9732
Estonia,EST,2009,357.2725337,,123.4939484,1334515.0,19633031397.6104
Estonia,EST,2010,262.8701871,,104.7827036,1331475.0,19523477325.6235
Estonia,EST,2011,166.8557318,,66.6144089,1327439.0,23213994093.4631
Estonia,EST,2012,157.2347896,,103.9805131,1322696.0,23019150071.1867
Estonia,EST,2013,156.214012,,120.0561107,1317997.0,25115753366.1114
Estonia,EST,2014,130.8537127,,117.3321496,1314545.0,26634083965.0987
Estonia,EST,2015,126.2006378,,119.0560717,1315407.0,22890762090.1508
Estonia,EST,2016,134.8026375,,121.3223703,1315790.0,24072829276.7744
Estonia,EST,2017,133.1481382,,108.6224897,1317384.0,26924385103.0659
Estonia,EST,2018,147.1377814,,126.4427738,1321977.0,30624720196.229
Estonia,EST,2019,147.848908,,122.5098443,1326898.0,31081901909.2156
Finland,FIN,1990,1095.1409982,2.98,1070.434998,4986431.0,141438345513.917
Finland,FIN,1991,1033.0669994,2.72,965.5539994,5013740.0,127773856785.767
Finland,FIN,1992,1055.3610004,2.46,1030.3279992,5041992.0,112532519246.084
Finland,FIN,1993,1301.4559992,1.94,1128.8639924,5066447.0,89214114708.0254
Finland,FIN,1994,1361.0030016,2.73,1049.5079937,5088333.0,103299943084.804
Finland,FIN,1995,769.4989997,3.97,734.6779959,5107790.0,134189814814.815
Finland,FIN,1996,992.2736017,3.22,900.6418949,5124573.0,132129174216.93
Finland,FIN,1997,1185.5213024,3.5,939.4252962,5139835.0,126912152101.707
Finland,FIN,1998,1167.9353022,3.42,1001.3650968,5153498.0,134038718291.055
Finland,FIN,1999,1209.4849999,2.6,979.0139933,5165474.0,135264083658.688
Finland,FIN,2000,1063.1109996,2.29,967.2189943,5176209.0,126019543413.334
Finland,FIN,2001,1084.0628371,1.98,947.4328339,5188008.0,129533107311.811
Finland,FIN,2002,1075.3348981,1.84,969.5858925,5200598.0,140404460203.138
Finland,FIN,2003,1104.7972988,2.13,965.8931931,5213014.0,171652458349.411
Finland,FIN,2004,1151.9831992,2.34,1034.3603933,5228172.0,197479443979.151
Finland,FIN,2005,1156.4411936,2.84,1102.2406119,5246096.0,204885494686.381
Finland,FIN,2006,1167.9794743,2.94,1046.8443604,5266268.0,217089269791.764
Finland,FIN,2007,1207.0293039,3.25,1056.9026471,5288720.0,256378067752.158
Finland,FIN,2008,1284.7945526,3.72,1114.9218201,5313399.0,285716311136.719
Finland,FIN,2009,1243.2638329,3.51,1058.406243,5338871.0,253497520828.515
Finland,FIN,2010,1273.7434428,3.69,1080.4242147,5363352.0,249424310816.667
Finland,FIN,2011,1286.5150648,5.36,1092.9770746,5388272.0,275604356167.316
Finland,FIN,2012,1237.8330405,4.8,1082.0259846,5413971.0,258290060227.734
Finland,FIN,2013,1275.4679654,4.29,1094.6374384,5438972.0,271362405890.589
Finland,FIN,2014,1213.0553801,4.31,1029.736026,5461512.0,274862826772.156
Finland,FIN,2015,1320.8022792,3.9,1110.0593315,5479531.0,234534382384.766
Finland,FIN,2016,1388.9662796,3.67,1147.4113627,5495303.0,240771351298.833
Finland,FIN,2017,1360.0237362,4.1,1062.0335201,5508214.0,255647979916.471
Finland,FIN,2018,1284.8228208,4.24,1106.2318702,5515525.0,275708001767.843
Finland,FIN,2019,1515.473931,4.004646,1347.922458,5521606.0,268514916972.549
France,FRA,1990,6301.2210348,3.73,5205.1723628,58044701.0,1269179616913.63
France,FRA,1991,6552.7090407,3.43,5556.9880327,58557577.0,1269276828275.78
France,FRA,1992,6612.0560409,2.31,5614.4526969,58849943.0,1401465923172.24
France,FRA,1993,6334.4680437,2.03,5506.7800365,59106166.0,1322815612694.0
France,FRA,1994,6368.6620423,2.4,5110.8720375,59327585.0,1393982750472.59
France,FRA,1995,6213.6800447,3.69,5312.6817079,59543659.0,1601094756209.75
France,FRA,1996,6659.513448,3.3,5512.4060067,59756533.0,1605675086549.56
France,FRA,1997,6703.9852508,2.76,5486.9108464,59969944.0,1452884917959.09
France,FRA,1998,6576.0226523,2.78,5350.6906081,60192790.0,1503108739159.44
France,FRA,1999,6675.6656522,2.55,5578.4365123,60504420.0,1493151737698.46
France,FRA,2000,6520.0085794,2.15,5402.0806777,60921384.0,1365639660792.16
France,FRA,2001,6752.7436677,1.99,5252.8193178,61367388.0,1377657339291.34
France,FRA,2002,6925.1002666,2.07,5525.7153235,61816234.0,1501409382971.38
France,FRA,2003,6651.823961,2.5,5393.6799911,62256970.0,1844544792036.86
France,FRA,2004,5940.1294572,2.72,4929.1171668,62716306.0,2119633181634.37
France,FRA,2005,5714.0085755,2.75,4787.3583972,63188395.0,2196945232435.8
France,FRA,2006,6190.5316213,2.97,5277.5864598,63628261.0,2320536221304.7
France,FRA,2007,6420.2704654,3.41,5627.7542717,64021737.0,2660591246211.77
France,FRA,2008,6251.7391243,3.86,5151.5666778,64379696.0,2930303780828.12
France,FRA,2009,6669.7282046,3.79,5676.7497713,64710879.0,2700887366932.03
France,FRA,2010,6717.2418889,3.62,5712.8985095,65030575.0,2645187882116.67
France,FRA,2011,6991.820108,4.13,5961.9527905,65345233.0,2865157541994.17
France,FRA,2012,6841.1355565,3.92,5790.2946384,65662240.0,2683671716967.19
France,FRA,2013,6713.1048553,3.92,5706.861578,66002289.0,2811876903329.03
France,FRA,2014,7112.3061337,3.77,5954.1535262,66312067.0,2855964488590.19
France,FRA,2015,6808.5666402,3.11,5591.3268474,66548272.0,2439188643162.5
France,FRA,2016,6737.7827096,3.26,5374.538607,66724104.0,2472964344587.17
France,FRA,2017,6966.5146634,3.4,5549.6494182,66918020.0,2595151045197.65
France,FRA,2018,7624.0190207,3.68,5986.4405489,67158348.0,2790956878746.66
France,FRA,2019,7992.9050358,3.474105,6192.4401402,67388001.0,2728870246705.88
Germany,DEU,1990,13670.9460046,3.99,7279.2569607,79433029.0,1771671206875.68
Germany,DEU,1991,13228.8510044,3.84,12377.2159494,80013896.0,1868945197407.19
Germany,DEU,1992,13788.5540061,4.0,9570.4019513,80624598.0,2131571696931.75
Germany,DEU,1993,14107.0030059,3.62,11324.7329411,81156363.0,2071323790370.28
Germany,DEU,1994,13583.2150079,4.18,8213.9449418,81438348.0,2205074123177.05
Germany,DEU,1995,12851.8350055,5.02,11231.4509512,81678051.0,2585792275146.72
Germany,DEU,1996,13507.1289088,4.17,10593.6863453,81914831.0,2497244606186.64
Germany,DEU,1997,13905.1847161,4.03,9670.0681574,82034771.0,2211989623279.95
Germany,DEU,1998,13739.5684148,4.04,9976.1655597,82047195.0,2238990774702.68
Germany,DEU,1999,14320.0270212,3.42,9748.0071601,82100243.0,2194945278872.59
Germany,DEU,2000,13894.5395181,2.83,8769.8806534,82211508.0,1947981991011.77
Germany,DEU,2001,14753.265918,2.63,9059.3280715,82349925.0,1945790973803.15
Germany,DEU,2002,15515.5373088,2.73,8497.9996819,82488495.0,2078484517474.51
Germany,DEU,2003,15727.0025165,3.18,9498.5987369,82534176.0,2501640388482.35
Germany,DEU,2004,17356.0713008,3.33,10444.7078526,82516260.0,2814353869359.08
Germany,DEU,2005,16716.0487482,4.06,8664.5070937,82469422.0,2846864211175.1
Germany,DEU,2006,18542.8432739,4.33,9150.8529671,82376451.0,2994703642023.53
Germany,DEU,2007,19564.0533021,4.69,8626.6812829,82266372.0,3425578382921.58
Germany,DEU,2008,19876.2373203,5.13,9534.5082725,82110097.0,3745264093617.19
Germany,DEU,2009,19415.6654721,4.75,8896.9330624,81902307.0,3411261212652.34
Germany,DEU,2010,20602.955791,4.76,9291.9588588,81776930.0,3399667820000.01
Germany,DEU,2011,20926.4045801,5.1,9460.3495609,80274983.0,3749314991050.59
Germany,DEU,2012,21816.2120076,4.74,8829.7429627,80425823.0,3527143188785.16
Germany,DEU,2013,21174.3069122,5.65,9378.0333038,80645605.0,3733804649549.03
Germany,DEU,2014,22077.6936639,5.72,8682.316327,80982500.0,3889093051023.52
Germany,DEU,2015,21316.2117179,5.18,8420.9732408,81686611.0,3357585719351.56
Germany,DEU,2016,22368.3907812,5.05,8583.0051348,82348669.0,3469853463945.53
Germany,DEU,2017,21764.7838616,5.34,8554.9672168,82657002.0,3690849152517.65
Germany,DEU,2018,22147.1814288,5.49,8460.8298685,82905782.0,3974443355019.6
Germany,DEU,2019,22431.9054319,,8670.0448013,83092962.0,3888226035921.56
Greece,GRC,1990,641.9630004,,630.7960043,10196792.0,97891092003.4394
Greece,GRC,1991,407.0270007,,386.9420061,10319927.0,105143232379.884
Greece,GRC,1992,348.9230017,,320.1670027,10399061.0,116224672863.783
Greece,GRC,1993,374.593002,,147.7200025,10460415.0,108809059155.767
Greece,GRC,1994,502.1280018,,356.2860024,10512922.0,116601801966.292
Greece,GRC,1995,522.5950037,,383.3740039,10562153.0,136878365936.167
Greece,GRC,1996,765.5065046,,714.8876062,10608800.0,145861612400.906
Greece,GRC,1997,788.6210034,,738.8712041,10661259.0,143157600149.757
Greece,GRC,1998,704.455603,,667.6635052,10720509.0,144428172489.335
Greece,GRC,1999,732.9623054,,640.7972061,10761698.0,142588875293.749
Greece,GRC,2000,798.3858564,,687.4356581,10805808.0,130457756628.436
Greece,GRC,2001,867.6429518,,547.8508547,10862132.0,136309295225.34
Greece,GRC,2002,897.4972501,,826.5487537,10902022.0,154564203586.954
Greece,GRC,2003,997.9742325,,928.5628345,10928070.0,202370140236.265
Greece,GRC,2004,941.794948,,871.0449497,10955141.0,240963562236.127
Greece,GRC,2005,930.5928816,,870.1194578,10987314.0,247875422204.414
Greece,GRC,2006,897.1270418,,856.5887765,11020362.0,273546728473.073
Greece,GRC,2007,1080.8867376,,1014.596889,11048473.0,318902829550.733
Greece,GRC,2008,1056.0362867,,978.0725388,11077841.0,355908689477.445
Greece,GRC,2009,1046.0177255,,973.8755111,11107017.0,331308500253.274
Greece,GRC,2010,1061.3275425,,993.6918558,11121341.0,297124961971.501
Greece,GRC,2011,1154.5258226,,1022.5487747,11104899.0,282995942006.557
Greece,GRC,2012,1243.663331,,1076.0986103,11045011.0,242029307133.408
Greece,GRC,2013,1269.0939563,,1100.5433247,10965211.0,238907690051.13
Greece,GRC,2014,1233.6054064,,1087.938479,10892413.0,235458133124.608
Greece,GRC,2015,1209.9645243,,1048.89193,10820883.0,195683527003.375
Greece,GRC,2016,1583.737836,,1386.3147208,10775971.0,193148146586.933
Greece,GRC,2017,867.1193788,,755.7684208,10754679.0,199844406013.531
Greece,GRC,2018,1160.0236583,,1059.2279143,10732882.0,212049447242.111
Greece,GRC,2019,1246.2741298,,1139.4699686,10721582.0,205257014892.502
Hungary,HUN,1990,573.974,,573.974,10373988.0,
Hungary,HUN,1991,640.9870026,,380.2279967,10373400.0,34753569692.915
Hungary,HUN,1992,522.2479992,,348.3589962,10369341.0,38730585922.2189
Hungary,HUN,1993,668.0559984,,556.7819959,10357523.0,40124916940.5945
Hungary,HUN,1994,771.2219983,3.88,723.9309965,10343355.0,43166678735.2183
Hungary,HUN,1995,519.5049966,5.04,447.4149978,10328965.0,46425677734.1435
Hungary,HUN,1996,602.9059997,4.62,570.9629993,10311238.0,46658755151.6017
Hungary,HUN,1997,674.9599991,3.89,601.6490023,10290486.0,47296952928.7561
Hungary,HUN,1998,715.5939943,3.75,652.3669903,10266570.0,48706787306.2574
Hungary,HUN,1999,762.0653045,3.44,656.9955022,10237530.0,49073380173.7159
Hungary,HUN,2000,790.2066673,2.72,632.9371721,10210971.0,47218405892.4258
Hungary,HUN,2001,833.2209675,2.59,646.9397739,10187576.0,53749989092.0197
Hungary,HUN,2002,827.5068668,2.81,637.4868752,10158608.0,67608919144.3684
Hungary,HUN,2003,863.7699913,3.15,646.0869215,10129552.0,85285062818.0077
Hungary,HUN,2004,977.4179388,3.47,707.8909991,10107146.0,104120820258.669
Hungary,HUN,2005,851.7228942,3.71,569.9021257,10087065.0,113211158292.936
Hungary,HUN,2006,900.5479963,3.66,598.0178103,10071370.0,115715618613.052
Hungary,HUN,2007,893.5887951,4.6,522.2031582,10055780.0,140186716681.425
Hungary,HUN,2008,810.7674443,5.47,493.9782409,10038188.0,158325614580.628
Hungary,HUN,2009,703.9380789,4.97,445.2858406,10022650.0,131069255620.567
Hungary,HUN,2010,726.8896947,5.02,375.7144707,10000023.0,132175349953.713
Hungary,HUN,2011,639.6242626,6.08,180.0658698,9971727.0,141942264554.475
Hungary,HUN,2012,747.9277087,6.07,252.2423751,9920362.0,128814279315.132
Hungary,HUN,2013,557.3970482,5.42,176.7431103,9893082.0,135684315697.713
Hungary,HUN,2014,833.4492506,4.86,399.6660661,9866468.0,141033843265.669
Hungary,HUN,2015,714.2093939,4.16,403.5441855,9843028.0,125174166987.372
Hungary,HUN,2016,725.4383182,4.31,370.6062847,9814023.0,128609822750.039
Hungary,HUN,2017,721.5608351,4.83,408.2471611,9787966.0,143112196040.326
Hungary,HUN,2018,779.2133677,4.83,447.5798099,9775564.0,160564628963.713
Hungary,HUN,2019,772.9696635,4.348879,417.72511,9771141.0,163988594921.902
Ireland,IRL,1990,129.4770008,,119.8850007,3513974.0,49305632408.4929
Ireland,IRL,1991,118.2670007,,112.9660009,3534235.0,49787501584.4847
Ireland,IRL,1992,94.5680001,,90.7289998,3558430.0,55918538121.3989
Ireland,IRL,1993,110.5420007,,107.3100011,3576261.0,52417477613.676
Ireland,IRL,1994,130.5400011,,127.1230007,3590386.0,57097656065.96
Ireland,IRL,1995,114.6070016,,106.530001,3608841.0,69139823232.3232
Ireland,IRL,1996,98.1580015,,86.7730015,3637510.0,75790786290.3226
Ireland,IRL,1997,106.2836012,,96.958601,3674171.0,82856648758.3572
Ireland,IRL,1998,101.9779012,,91.7359015,3712696.0,90199410115.5097
Ireland,IRL,1999,142.0334995,,134.5794992,3754786.0,98893958262.6438
Ireland,IRL,2000,154.6881905,,83.1581989,3805174.0,100207610429.909
Ireland,IRL,2001,180.1510872,,146.2403911,3866243.0,109346669229.695
Ireland,IRL,2002,176.6015888,,136.1156909,3931947.0,128596035288.401
Ireland,IRL,2003,226.7229865,,150.9261903,3996521.0,164670771259.602
Ireland,IRL,2004,263.6446817,,224.7427843,4070262.0,194372115041.065
Ireland,IRL,2005,251.2797772,,222.8917936,4159914.0,211876989655.907
Ireland,IRL,2006,252.243941,,202.6602633,4273591.0,232180617162.279
Ireland,IRL,2007,266.460501,,244.3458079,4398942.0,270079279419.5
Ireland,IRL,2008,127.4225179,,115.1070827,4489544.0,275447471451.063
Ireland,IRL,2009,142.0139971,,134.4962547,4535375.0,236443115853.695
Ireland,IRL,2010,164.7366941,,159.9820946,4560155.0,221913560882.367
Ireland,IRL,2011,210.4429221,,178.633597,4580084.0,239003132208.133
Ireland,IRL,2012,252.0045146,,214.0962424,4599533.0,225628699652.993
Ireland,IRL,2013,232.744596,,195.9287098,4623816.0,238340859896.937
Ireland,IRL,2014,291.8597102,,256.7339747,4657740.0,259170903647.536
Ireland,IRL,2015,356.5710867,,293.0603419,4701957.0,291775166506.891
Ireland,IRL,2016,402.6304702,,318.1957177,4755335.0,299091127524.505
Ireland,IRL,2017,426.9155363,,291.485318,4807388.0,336377500160.546
Ireland,IRL,2018,439.6141118,,369.6122205,4867316.0,385736680797.118
Ireland,IRL,2019,438.2803679,,369.5385384,4934340.0,399321701632.431
Italy,ITA,1990,5241.8309999,5.31,4832.2939865,56719240.0,1181222653522.95
Italy,ITA,1991,4630.0230003,5.62,4254.0399839,56758521.0,1246220156079.29
Italy,ITA,1992,4594.7269999,5.86,4132.135981,56797087.0,1320161644933.23
Italy,ITA,1993,5593.7050012,4.59,4888.2629783,56831821.0,1064958075550.63
Italy,ITA,1994,5553.7660032,4.68,4773.6299741,56843400.0,1099216688280.5
Italy,ITA,1995,5387.8610048,5.7,4644.3589748,56844303.0,1174662070605.02
Italy,ITA,1996,5607.9872065,5.92,4775.9144728,56860281.0,1312426527795.21
Italy,ITA,1997,5742.6319091,5.45,4912.9190786,56890372.0,1241879604365.62
Italy,ITA,1998,5889.3935096,5.53,4935.9363713,56906744.0,1270052525928.4
Italy,ITA,1999,5943.0875112,5.16,4918.6894699,56916317.0,1252446659833.79
Italy,ITA,2000,6314.874691,4.44,5149.2363464,56942108.0,1146676894209.73
Italy,ITA,2001,6541.7312914,4.33,5243.2770429,56974100.0,1168023426056.38
Italy,ITA,2002,6523.4145888,4.57,5182.2302365,57059007.0,1276769338449.3
Italy,ITA,2003,6929.1902911,5.47,5507.114437,57313203.0,1577621707050.51
Italy,ITA,2004,7031.9309882,6.01,5468.9091357,57685327.0,1806542968545.56
Italy,ITA,2005,7268.6127576,6.13,5551.8268151,57969484.0,1858217147203.73
Italy,ITA,2006,7547.5259722,6.29,5593.0606133,58143979.0,1949551719389.64
Italy,ITA,2007,8028.4634618,7.02,5820.9490542,58438310.0,2213102482751.46
Italy,ITA,2008,8172.1041052,7.87,5892.1521765,58826731.0,2408655348718.59
Italy,ITA,2009,8078.1685675,7.68,5806.0245941,59095365.0,2199928804118.63
Italy,ITA,2010,8235.9621708,7.34,5781.3189611,59277417.0,2136099955236.67
Italy,ITA,2011,8355.3425742,8.52,5689.331772,59379449.0,2294994296589.5
Italy,ITA,2012,8690.8697162,8.49,5709.7631664,59539717.0,2086957656821.6
Italy,ITA,2013,8822.5448997,8.99,5633.8866997,60233948.0,2141924094298.56
Italy,ITA,2014,9349.8224226,8.85,5861.3708184,60789140.0,2162009615996.54
Italy,ITA,2015,9328.1932718,7.48,5660.1933812,60730582.0,1836637711060.55
Italy,ITA,2016,10224.1888254,7.45,5998.1464674,60627498.0,1877071687633.78
Italy,ITA,2017,10020.2733155,7.67,5610.3275485,60536709.0,1961796197354.36
Italy,ITA,2018,10639.3546185,8.12,5954.763251,60421760.0,2091932426266.98
Italy,ITA,2019,10913.7572243,7.313801999999999,5469.0784435,59729081.0,2011302198827.45
Latvia,LVA,1990,,,,2663151.0,
Latvia,LVA,1991,,,,2650581.0,
Latvia,LVA,1992,20.2589989,,19.2589989,2614338.0,
Latvia,LVA,1993,59.7739984,1.84,41.4479967,2563290.0,
Latvia,LVA,1994,22.5559992,2.21,5.646998,2520742.0,
Latvia,LVA,1995,29.5221127,3.88,14.1916251,2485056.0,5789128636.62293
Latvia,LVA,1996,65.7523067,4.18,49.7671656,2457222.0,5975248851.45482
Latvia,LVA,1997,143.6437529,4.58,119.9674408,2432851.0,6527926445.6811
Latvia,LVA,1998,158.9554603,4.91,134.1132421,2410019.0,7166275467.65161
Latvia,LVA,1999,183.1094766,4.2,165.9436967,2390482.0,7533788133.55753
Latvia,LVA,2000,181.0516991,3.97,161.7948373,2367550.0,7958852838.93395
Latvia,LVA,2001,156.2200386,3.28,149.7699398,2337170.0,8362398701.58943
Latvia,LVA,2002,163.8818153,3.22,144.9972689,2310173.0,9557031605.27512
Latvia,LVA,2003,185.9201579,3.35,158.5701566,2287955.0,11771975156.8073
Latvia,LVA,2004,187.7697103,3.72,154.9939176,2263122.0,14435700533.368
Latvia,LVA,2005,191.0852159,3.93,144.2222839,2238799.0,17003459863.0989
Latvia,LVA,2006,220.5149361,4.29,180.787614,2218357.0,21570076498.6205
Latvia,LVA,2007,150.6349888,4.83,130.8501559,2200325.0,31054350977.9784
Latvia,LVA,2008,154.2490378,5.89,115.1388518,2177322.0,35854274228.9139
Latvia,LVA,2009,131.9782402,6.1,88.1131531,2141669.0,26410909090.9091
Latvia,LVA,2010,137.6645663,6.1,98.5950593,2097555.0,23956163076.5575
Latvia,LVA,2011,141.2808683,8.67,101.030448,2059709.0,27474380566.265
Latvia,LVA,2012,156.9856449,8.08,101.1865965,2034319.0,28169902669.3784
Latvia,LVA,2013,161.2889113,7.52,94.9729221,2012647.0,30204783461.8488
Latvia,LVA,2014,213.3881125,6.89,110.1746839,1993782.0,31386896487.0407
Latvia,LVA,2015,201.5931207,6.57,106.217864,1977527.0,27263090547.0617
Latvia,LVA,2016,231.2908269,6.46,111.0115727,1959537.0,28083597512.4841
Latvia,LVA,2017,228.9203402,6.69,117.5179724,1942248.0,30483806017.8318
Latvia,LVA,2018,242.7429785,6.6,97.9691861,1927174.0,34429023435.0211
Latvia,LVA,2019,234.9406901,5.895347,113.6931943,1913822.0,34343961072.8235
Lithuania,LTU,1990,,,,3697838.0,
Lithuania,LTU,1991,,,,3704134.0,
Lithuania,LTU,1992,1.8630004,,1.5540002,3700114.0,
Lithuania,LTU,1993,9.100001,,8.800001,3682613.0,
Lithuania,LTU,1994,46.726994,,37.1499909,3657144.0,
Lithuania,LTU,1995,112.9476799,,67.6134552,3629102.0,7867140395.33705
Lithuania,LTU,1996,149.5614977,,66.1813249,3601613.0,8382519637.46224
Lithuania,LTU,1997,187.1143479,4.74,108.3371917,3575137.0,10118631851.5322
Lithuania,LTU,1998,185.1496673,4.75,135.0571186,3549331.0,11239547690.9797
Lithuania,LTU,1999,206.2732062,4.34,158.4275411,3524238.0,10971583944.7561
Lithuania,LTU,2000,212.6624974,3.62,173.2436753,3499536.0,11524776866.6379
Lithuania,LTU,2001,267.0888845,3.25,204.3201294,3470818.0,12237388001.7264
Lithuania,LTU,2002,262.8815834,3.39,208.3131568,3443067.0,14259781159.0119
Lithuania,LTU,2003,220.6585037,3.79,173.0690057,3415213.0,18781721376.1985
Lithuania,LTU,2004,256.3850971,3.71,197.2883019,3377075.0,22627507451.5648
Lithuania,LTU,2005,283.766579,3.78,193.4212782,3322528.0,26097677571.8373
Lithuania,LTU,2006,316.6480403,4.02,213.4232022,3269909.0,30183575103.5262
Lithuania,LTU,2007,335.5472118,4.59,230.0800162,3231294.0,39697891351.9431
Lithuania,LTU,2008,390.4983777,5.44,203.7830587,3198231.0,47797551587.8823
Lithuania,LTU,2009,410.9345791,5.16,209.7771589,3162916.0,37388122046.1496
Lithuania,LTU,2010,376.0536971,5.37,222.6261261,3097282.0,37128694028.243
Lithuania,LTU,2011,288.8753765,7.81,179.7829024,3028115.0,43535051482.3869
Lithuania,LTU,2012,336.6761214,7.09,193.2187238,2987773.0,42927454291.478
Lithuania,LTU,2013,362.1864369,6.6,196.958595,2957689.0,46523420074.4372
Lithuania,LTU,2014,396.4783766,6.55,223.0606319,2932367.0,48533659592.1728
Lithuania,LTU,2015,427.7571993,6.06,212.116883,2904910.0,41435533340.3883
Lithuania,LTU,2016,499.2703906,6.08,241.8787768,2868231.0,43047309305.7363
Lithuania,LTU,2017,432.4523425,6.29,240.3482076,2828403.0,47758736931.7801
Lithuania,LTU,2018,441.4662257,6.4,261.7505379,2801543.0,53751411409.4447
Lithuania,LTU,2019,473.6308935,5.863621,251.4468992,2794137.0,54751510087.7803
Luxembourg,LUX,1990,,,,381850.0,12778792853.6939
Luxembourg,LUX,1991,,,,387000.0,13834219728.293
Luxembourg,LUX,1992,,,,392175.0,15518702634.8808
Luxembourg,LUX,1993,,,,397475.0,15925521222.0149
Luxembourg,LUX,1994,,,,402925.0,17701798890.7644
Luxembourg,LUX,1995,,,,408625.0,20853093869.7318
Luxembourg,LUX,1996,,,,414225.0,20895314657.9805
Luxembourg,LUX,1997,,,,419450.0,19563836265.2233
Luxembourg,LUX,1998,,,,424700.0,20150053345.1878
Luxembourg,LUX,1999,145.0452036,4.95,61.1944003,430475.0,21899317598.8414
Luxembourg,LUX,2000,231.7700387,4.23,144.1599958,436300.0,21230182989.3036
Luxembourg,LUX,2001,209.7060786,4.07,133.2743666,441525.0,21387533703.2327
Luxembourg,LUX,2002,252.7095085,4.29,172.2970206,446175.0,23649833332.1655
Luxembourg,LUX,2003,288.762576,5.28,189.8677859,451630.0,29667268248.1305
Luxembourg,LUX,2004,315.8023149,5.79,220.6984209,458095.0,35064843792.8993
Luxembourg,LUX,2005,330.7952253,6.04,226.8720411,465158.0,37672280120.4794
Luxembourg,LUX,2006,335.5344162,6.44,233.14418,472637.0,42910146296.0646
Luxembourg,LUX,2007,359.567489,6.78,250.6164897,479993.0,51587401415.7872
Luxembourg,LUX,2008,351.4133229,7.52,238.8282806,488650.0,58844277701.5258
Luxembourg,LUX,2009,329.9509344,7.29,221.9069736,497783.0,54467289897.5582
Luxembourg,LUX,2010,348.8748621,7.11,232.2843907,506953.0,56213985987.4168
Luxembourg,LUX,2011,325.5287339,8.28,214.5667871,518347.0,61696281326.2453
Luxembourg,LUX,2012,322.7530169,7.9,212.2320875,530946.0,59776383527.3602
Luxembourg,LUX,2013,378.1732517,8.19,241.3897306,543360.0,65203276466.9763
Luxembourg,LUX,2014,413.0426555,7.92,255.3654847,556319.0,68804811897.6445
Luxembourg,LUX,2015,376.2258486,6.97,222.4513305,569604.0,60071584216.1375
Luxembourg,LUX,2016,394.3287395,7.24,223.3254289,582014.0,62216885435.9488
Luxembourg,LUX,2017,379.9285554,7.56,211.1620883,596336.0,65712180342.9836
Luxembourg,LUX,2018,433.3236938,,255.6338054,607950.0,71000359760.4611
Luxembourg,LUX,2019,402.2667298,,223.6205022,620001.0,69825641851.0117
Malta,MLT,1990,20.7139989,,19.6129985,354170.0,2547163582.33149
Malta,MLT,1991,16.0740031,,12.9450024,363845.0,2750041434.26295
Malta,MLT,1992,17.8580006,,15.8150009,367618.0,3021910216.71827
Malta,MLT,1993,22.6130018,,21.7720011,371308.0,2709178326.78271
Malta,MLT,1994,13.2119992,,11.590998,374797.0,2998570146.54095
Malta,MLT,1995,22.6474855,7.8,21.2016405,377419.0,3461332684.8249
Malta,MLT,1996,9.2316602,11.95,9.0750699,379905.0,3585755121.48642
Malta,MLT,1997,9.4585531,12.2,8.8473596,382791.0,3722389055.72239
Malta,MLT,1998,10.1044031,10.03,6.5857612,385287.0,3958227428.44513
Malta,MLT,1999,8.9042352,9.23,8.6434385,387578.0,4155187257.85622
Malta,MLT,2000,9.2018914,8.4,8.8105016,390087.0,4323339212.2281
Malta,MLT,2001,9.3984609,8.03,9.0843982,393028.0,4355146427.54937
Malta,MLT,2002,9.5642993,7.97,8.8342425,395969.0,4693495693.49569
Malta,MLT,2003,10.6619765,9.49,10.562217,398582.0,5489359280.75566
Malta,MLT,2004,15.60263,10.3,15.5230233,401268.0,6116591928.25112
Malta,MLT,2005,16.3020906,10.36,16.2784546,403834.0,6407287650.7897
Malta,MLT,2006,28.8739154,10.93,28.8119257,405308.0,6778321415.12985
Malta,MLT,2007,15.9168353,12.14,15.906515,406724.0,7925403777.71694
Malta,MLT,2008,23.0189032,13.21,22.7471165,409379.0,9090376446.46258
Malta,MLT,2009,14.217842,12.96,14.1236398,412477.0,8696304529.03584
Malta,MLT,2010,12.176685,13.1,12.027799,414508.0,9035927349.8608
Malta,MLT,2011,16.9565037,14.81,15.5570067,416268.0,9638919821.82628
Malta,MLT,2012,21.2989369,14.15,20.9978384,420028.0,9462289605.55056
Malta,MLT,2013,21.8973088,14.99,21.5860087,425967.0,10551600478.1511
Malta,MLT,2014,24.6340662,14.93,24.6119162,434558.0,11626278729.9057
Malta,MLT,2015,16.3133795,12.8,15.3858795,445053.0,11091423499.3898
Malta,MLT,2016,18.5323229,13.33,17.6307395,455356.0,11668253265.4417
Malta,MLT,2017,16.754442,14.05,16.374812,467999.0,13489380930.8631
Malta,MLT,2018,19.3776287,15.15,18.973247,484630.0,15298771846.9532
Malta,MLT,2019,23.3711797,14.267751,23.1159464,504062.0,15725847979.4022
Netherlands,NLD,1990,3128.1500184,3.03,2382.753011,14951510.0,318330511920.61
Netherlands,NLD,1991,3120.7740193,2.95,2487.6610111,15069798.0,327500327675.625
Netherlands,NLD,1992,3204.9520199,3.13,3260.867014,15184166.0,362962872180.451
Netherlands,NLD,1993,2803.7290104,2.8,2719.4520038,15290368.0,353550169672.52
Netherlands,NLD,1994,2799.8810219,3.26,2122.2060116,15382838.0,379130260322.073
Netherlands,NLD,1995,2910.3660226,4.03,2293.421015,15459006.0,452301674444.139
Netherlands,NLD,1996,3083.9573207,3.65,2509.3582115,15530498.0,450490196078.431
Netherlands,NLD,1997,2923.7728279,3.67,2366.7278203,15610650.0,416812740004.518
Netherlands,NLD,1998,2862.0483243,3.67,1960.9175199,15707209.0,438008220395.468
Netherlands,NLD,1999,2565.5043218,3.11,1471.2489168,15812088.0,447049523049.808
Netherlands,NLD,2000,2965.800776,2.81,1859.7716796,15925513.0,417479337444.707
Netherlands,NLD,2001,2793.6838743,2.55,1677.0782898,16046180.0,431586852369.686
Netherlands,NLD,2002,2760.0016652,2.6,1573.917885,16148929.0,473861980070.981
Netherlands,NLD,2003,3175.5388563,3.2,1742.5018889,16225302.0,580070360701.96
Netherlands,NLD,2004,3159.0269523,3.47,1978.1406346,16281779.0,658380081545.175
Netherlands,NLD,2005,2988.0150659,3.75,1926.9309681,16319868.0,685348181515.953
Netherlands,NLD,2006,3292.8052493,3.96,2128.7880598,16346101.0,733955269898.823
Netherlands,NLD,2007,3531.0194162,4.45,2292.0910668,16381696.0,848558887541.179
Netherlands,NLD,2008,2304.4434678,5.05,1323.56366,16445593.0,951869997864.062
Netherlands,NLD,2009,2502.132848,4.7,897.8116087,16530388.0,871518638049.218
Netherlands,NLD,2010,2582.6607653,4.57,1347.0822875,16615394.0,847380859016.668
Netherlands,NLD,2011,2678.3343271,5.98,909.250259,16693074.0,905270626332.687
Netherlands,NLD,2012,2729.7607877,5.83,1382.4607587,16754962.0,838923319919.531
Netherlands,NLD,2013,3406.7949082,5.74,1625.4399901,16804432.0,877172824534.512
Netherlands,NLD,2014,4016.0222823,5.71,1800.0876086,16865008.0,892167986713.722
Netherlands,NLD,2015,4176.2358257,5.38,1695.7612177,16939923.0,765572770634.375
Netherlands,NLD,2016,4781.4501766,4.77,2079.1494984,17030314.0,784060430240.08
Netherlands,NLD,2017,5067.7405401,4.83,1964.1384627,17131296.0,833869641687.06
Netherlands,NLD,2018,5520.4375542,4.68,2144.857273,17231624.0,914043438179.607
Netherlands,NLD,2019,5354.0230034,,2030.0857996,17344874.0,910194347568.626
Poland,POL,1990,435.0650014,,334.5920014,38110782.0,65977749036.9844
Poland,POL,1991,249.8710028,,243.0240021,38246193.0,85500935934.9901
Poland,POL,1992,1787.0570286,,1650.229026,38363667.0,94337050693.2727
Poland,POL,1993,1670.4975109,,1544.7148774,38461408.0,96045645026.178
Poland,POL,1994,1842.641218,,1742.1634066,38542652.0,110803391516.698
Poland,POL,1995,1770.7091091,5.67,1636.6600966,38594998.0,142292783505.155
Poland,POL,1996,1924.0740593,4.37,1755.4562076,38624370.0,160193242090.427
Poland,POL,1997,2253.0820657,3.54,1966.0176058,38649660.0,159357789772.207
Poland,POL,1998,2292.9605138,3.63,1964.5376172,38663481.0,174685791563.561
Poland,POL,1999,2403.6349207,3.19,1985.3050368,38660271.0,170031005016.259
Poland,POL,2000,2576.3767635,2.81,2045.5876921,38258629.0,172219461126.067
Poland,POL,2001,2719.3939907,2.57,2222.4250766,38248076.0,190905493539.168
Poland,POL,2002,2643.4962201,2.11,2201.1288641,38230364.0,199072058823.529
Poland,POL,2003,2664.3447882,2.12,2242.1160696,38204570.0,217827260805.842
Poland,POL,2004,2686.8161203,2.26,2281.1074448,38182222.0,255110181539.808
Poland,POL,2005,2791.5043949,2.56,2267.4295739,38165445.0,306144336269.51
Poland,POL,2006,2653.6604533,2.76,1993.0765295,38141267.0,344622003093.581
Poland,POL,2007,2263.6697769,3.49,1554.3648505,38120560.0,429028505365.078
Poland,POL,2008,2460.3447509,4.45,1681.0872063,38125759.0,533609081852.897
Poland,POL,2009,3161.536735,3.49,2001.0076874,38151603.0,439737508413.192
Poland,POL,2010,3278.9140979,3.64,2155.7120183,38042794.0,475696613935.595
Poland,POL,2011,3403.8193109,4.14,2034.2879275,38063255.0,524382678547.32
Poland,POL,2012,3542.745725,4.16,1936.1266915,38063164.0,495236910793.797
Poland,POL,2013,3284.3826312,3.92,1668.9987177,38040196.0,515764728216.161
Poland,POL,2014,3229.2077791,3.85,1150.0987363,38011735.0,539087652559.835
Poland,POL,2015,3665.6120676,3.28,1419.7924202,37986412.0,477111287969.227
Poland,POL,2016,3827.1689541,3.17,1975.3888016,37970087.0,470022572790.91
Poland,POL,2017,3999.3185993,3.45,2240.9946373,37974826.0,524645833884.582
Poland,POL,2018,4325.0623313,3.75,2435.7946313,37974750.0,588782567765.872
Poland,POL,2019,4452.456931,3.573126,2500.628861,37965475.0,596054591863.312
Portugal,PRT,1990,551.5890006,4.12,467.0189996,9983218.0,78713860216.5659
Portugal,PRT,1991,557.4690006,4.27,448.3889996,9960235.0,89233599278.4792
Portugal,PRT,1992,591.1740014,4.95,572.9140007,9952494.0,107592098307.098
Portugal,PRT,1993,666.4470031,4.27,529.1770023,9964675.0,95009751901.2592
Portugal,PRT,1994,663.8620028,4.38,672.8110024,9991525.0,99688641304.3478
Portugal,PRT,1995,633.1680027,6.24,632.178999,10026176.0,118122007430.012
Portugal,PRT,1996,742.9592039,5.92,615.0945992,10063945.0,122630089680.27
Portugal,PRT,1997,727.2904035,5.04,602.8805005,10108977.0,117016535162.95
Portugal,PRT,1998,761.5868043,4.88,695.8544007,10160196.0,123946327916.296
Portugal,PRT,1999,816.947305,4.65,736.9021018,10217828.0,127470385557.184
Portugal,PRT,2000,811.4328957,3.95,646.3940922,10289898.0,118605192877.388
Portugal,PRT,2001,843.3808957,3.87,745.4962916,10362722.0,121604107164.997
Portugal,PRT,2002,838.0986973,3.9,719.5821928,10419631.0,134795565549.419
Portugal,PRT,2003,833.9013876,4.61,657.3692826,10458821.0,165226175536.793
Portugal,PRT,2004,838.3407515,4.9,762.6503143,10483861.0,189382122532.169
Portugal,PRT,2005,831.216247,4.88,744.2368889,10503330.0,197253876704.921
Portugal,PRT,2006,861.681076,4.77,768.0140824,10522288.0,208756449275.848
Portugal,PRT,2007,911.2966055,5.08,768.8582821,10542964.0,240496147317.381
Portugal,PRT,2008,885.0714718,5.68,746.5084817,10558177.0,263416394624.084
Portugal,PRT,2009,886.7256047,5.3,731.0854139,10568247.0,244667762835.543
Portugal,PRT,2010,1010.4420398,4.93,812.1722278,10573100.0,238113003233.284
Portugal,PRT,2011,1057.7339554,5.35,858.9247851,10557560.0,245117990242.248
Portugal,PRT,2012,1075.842247,5.69,828.0796456,10514844.0,216224240577.957
Portugal,PRT,2013,1062.6816116,5.79,840.3470381,10457295.0,226433858005.714
Portugal,PRT,2014,1059.7494969,5.73,852.909269,10401062.0,229901964221.884
Portugal,PRT,2015,1043.8569623,4.99,782.7066418,10358076.0,199394066525.44
Portugal,PRT,2016,1128.4814182,4.93,866.5166754,10325452.0,206426152308.931
Portugal,PRT,2017,1093.954625,5.04,843.5398122,10300300.0,221357874718.93
Portugal,PRT,2018,1140.202501,5.36,873.4195208,10283822.0,242313116577.967
Portugal,PRT,2019,1219.7647634,5.075232,931.1973253,10286263.0,239986922638.902
Romania,ROU,1990,441.5340034,,441.5340034,23201835.0,38995454545.4545
Romania,ROU,1991,335.4500121,,335.4170121,23001155.0,28998684210.5263
Romania,ROU,1992,603.2080224,,600.6830223,22794284.0,25121666666.6667
Romania,ROU,1993,425.3500156,,419.5900155,22763280.0,26362894736.8421
Romania,ROU,1994,347.4469961,,347.0469961,22730211.0,30074440483.3837
Romania,ROU,1995,551.3430059,,549.7760057,22684270.0,37435317265.1254
Romania,ROU,1996,696.558,,696.168,22619004.0,36937074278.3004
Romania,ROU,1997,630.977005,,630.3010049,22553978.0,35574916294.6429
Romania,ROU,1998,595.3020037,,584.4650038,22507344.0,41694118972.5101
Romania,ROU,1999,511.423008,,506.8734077,22472040.0,35952781582.2083
Romania,ROU,2000,551.5569948,,551.0259948,22442971.0,37253259016.9976
Romania,ROU,2001,633.171995,,632.5168953,22131970.0,40394824679.1232
Romania,ROU,2002,738.2578924,,737.5490064,21730496.0,46066101951.2933
Romania,ROU,2003,755.3403496,,754.9938936,21574326.0,57806506024.0964
Romania,ROU,2004,828.316139,,818.2387046,21451748.0,74972669056.5922
Romania,ROU,2005,874.3634689,,857.0627917,21319685.0,98452791982.7024
Romania,ROU,2006,854.2594041,,835.1256111,21193760.0,122022997508.01
Romania,ROU,2007,839.7552358,,823.5732369,20882982.0,174585202805.233
Romania,ROU,2008,826.1034899,,806.767141,20537875.0,214313628965.024
Romania,ROU,2009,811.4623014,,774.9448214,20367487.0,174103695930.213
Romania,ROU,2010,838.8552395,,795.8747431,20246871.0,170029359010.667
Romania,ROU,2011,844.1848875,,801.9002007,20147528.0,192614085153.841
Romania,ROU,2012,902.8725244,,849.2236104,20058035.0,179132893143.417
Romania,ROU,2013,971.4770729,,891.2254434,19983693.0,189790228071.757
Romania,ROU,2014,958.4832475,,912.8010622,19908979.0,199712289501.971
Romania,ROU,2015,1011.6432213,,981.7052215,19815616.0,177882417554.984
Romania,ROU,2016,1133.6988825,,1072.4551363,19702267.0,185286854552.621
Romania,ROU,2017,1154.5733407,,1103.3338219,19588715.0,210146748920.419
Romania,ROU,2018,1174.1428318,,1119.7637681,19473970.0,243317079358.636
Romania,ROU,2019,1165.0612778,,1108.1375805,19371648.0,251019278416.197
Slovakia,SVK,1990,0.0,,,5299187.0,12747380650.0762
Slovakia,SVK,1991,0.0,,,5303294.0,14272201755.4704
Slovakia,SVK,1992,0.0,,,5305016.0,15495514296.8042
Slovakia,SVK,1993,288.4769937,,275.6959934,5325305.0,16520676973.5301
Slovakia,SVK,1994,256.6931383,,233.55522,5346331.0,20162936291.375
Slovakia,SVK,1995,250.086974,,222.9942398,5361999.0,25840146405.2288
Slovakia,SVK,1996,260.5458129,,244.4693742,5373361.0,27925036755.3866
Slovakia,SVK,1997,252.8846355,3.39,234.4557885,5383291.0,27706028095.6157
Slovakia,SVK,1998,258.9295347,3.48,241.4932251,5390516.0,29856000671.216
Slovakia,SVK,1999,268.9757881,2.86,249.0184932,5396020.0,30463670123.5931
Slovakia,SVK,2000,285.9653534,2.44,263.3157415,5388720.0,29242558796.5507
Slovakia,SVK,2001,317.0047673,2.26,283.7148754,5378867.0,30778781606.9575
Slovakia,SVK,2002,300.008801,2.2,275.2957982,5376912.0,35297794385.6863
Slovakia,SVK,2003,302.836118,2.47,285.4262863,5373374.0,46919965224.1497
Slovakia,SVK,2004,298.0047839,2.7,283.1756553,5372280.0,57437444469.087
Slovakia,SVK,2005,307.6241833,2.79,293.2365048,5372807.0,62808723476.719
Slovakia,SVK,2006,347.1733412,3.05,280.9030874,5373054.0,70767338922.4411
Slovakia,SVK,2007,508.2651246,3.88,356.3345739,5374622.0,86563986799.2505
Slovakia,SVK,2008,610.5763029,5.02,341.0349294,5379233.0,100879902984.983
Slovakia,SVK,2009,458.3967628,5.08,212.7452448,5386406.0,89399303222.155
Slovakia,SVK,2010,654.8483112,4.84,337.0669734,5391428.0,91162836320.3502
Slovakia,SVK,2011,777.2147213,6.06,387.7413126,5398384.0,99922685424.8835
Slovakia,SVK,2012,771.6301858,6.71,201.0764773,5407579.0,94623731085.6106
Slovakia,SVK,2013,798.425339,6.82,328.086078,5413393.0,98935222174.8603
Slovakia,SVK,2014,918.8925842,6.67,498.1010436,5418649.0,101437045019.901
Slovakia,SVK,2015,910.3847558,5.6,267.2702149,5423801.0,88900883130.8374
Slovakia,SVK,2016,906.1834351,5.74,225.8649529,5430798.0,89952699524.894
Slovakia,SVK,2017,723.0503587,6.0,152.479588,5439232.0,95649966260.9802
Slovakia,SVK,2018,889.5169401,6.38,277.598089,5446771.0,106137924015.593
Slovakia,SVK,2019,773.4997431,6.10667,226.9761452,5454147.0,105720354988.541
Slovenia,SVN,1990,0.0,,,1998161.0,
Slovenia,SVN,1991,0.0,,,1999429.0,
Slovenia,SVN,1992,122.8749995,,115.4989991,1996498.0,
Slovenia,SVN,1993,152.2179984,,147.5879977,1991746.0,
Slovenia,SVN,1994,159.1390023,,152.0600034,1989443.0,
Slovenia,SVN,1995,147.6190005,,139.5290004,1989872.0,21352224019.4096
Slovenia,SVN,1996,174.6336196,,163.8322315,1988628.0,21507232648.7252
Slovenia,SVN,1997,170.6471772,,160.7265888,1985956.0,20763101740.6963
Slovenia,SVN,1998,174.3027642,,162.0289662,1981629.0,22146231967.6861
Slovenia,SVN,1999,181.5247271,4.72,170.5529448,1983045.0,22711384311.1404
Slovenia,SVN,2000,186.7730369,3.56,172.6641424,1988925.0,20289627636.6767
Slovenia,SVN,2001,194.1829787,3.05,182.8490011,1992060.0,20876309970.385
Slovenia,SVN,2002,200.8092839,3.1,188.4655142,1994530.0,23489890274.3142
Slovenia,SVN,2003,177.060697,3.74,166.5988968,1995733.0,29634713641.0968
Slovenia,SVN,2004,196.1821037,3.73,184.9618615,1997012.0,34414784504.2352
Slovenia,SVN,2005,190.8816912,3.72,181.471872,2000474.0,36206395970.6504
Slovenia,SVN,2006,186.6595548,3.98,175.6884316,2006868.0,39481045038.2637
Slovenia,SVN,2007,204.5546386,4.53,194.9588755,2018122.0,48067401207.3978
Slovenia,SVN,2008,205.0569858,4.98,194.1698724,2021316.0,55779427739.6609
Slovenia,SVN,2009,210.2408723,4.77,198.2751228,2039669.0,50567734885.9613
Slovenia,SVN,2010,217.5864811,4.31,205.0660836,2048583.0,48208240226.4501
Slovenia,SVN,2011,222.9886267,4.8,207.7191547,2052843.0,51583869785.1849
Slovenia,SVN,2012,220.8954987,4.48,184.991224,2057159.0,46577793184.0031
Slovenia,SVN,2013,257.9152003,4.78,184.3236014,2059953.0,48415657264.8758
Slovenia,SVN,2014,268.9250769,4.62,187.4280116,2061980.0,49997186439.0916
Slovenia,SVN,2015,271.7857211,4.03,187.5940716,2063531.0,43107506024.3254
Slovenia,SVN,2016,322.870291,3.96,192.6647103,2065042.0,44766722790.5826
Slovenia,SVN,2017,401.4388073,4.2,189.563829,2066388.0,48589100043.0954
Slovenia,SVN,2018,549.6602152,,217.592722,2073894.0,54177882425.8431
Slovenia,SVN,2019,619.5004358,,204.0112117,2088385.0,54331588482.3058
Spain,ESP,1990,3053.2510005,3.62,2713.7130002,38867322.0,536558591250.408
Spain,ESP,1991,2969.5430003,3.5,2651.2680008,38966376.0,577166174539.632
Spain,ESP,1992,3414.2900029,3.5,3044.6790016,39157685.0,630916018202.503
Spain,ESP,1993,2813.0879997,2.79,2727.6109999,39361262.0,525075636030.854
Spain,ESP,1994,3028.4249997,2.76,2774.1880012,39549108.0,530562634455.347
Spain,ESP,1995,3145.866003,4.45,2731.7360034,39724050.0,614609020549.773
Spain,ESP,1996,3515.2775081,4.18,2901.2022034,39889852.0,642588992512.807
Spain,ESP,1997,3776.5606067,3.57,2977.1332993,40057389.0,590077272727.273
Spain,ESP,1998,3717.653605,3.62,2996.3625006,40223509.0,619214834614.099
Spain,ESP,1999,3986.023909,3.23,3324.0301,40386875.0,634907542858.302
Spain,ESP,2000,3768.2017865,2.69,2991.3638381,40567864.0,598363313494.903
Spain,ESP,2001,4057.6291818,2.54,2795.0254889,40850412.0,627830029412.205
Spain,ESP,2002,4026.115777,2.58,2833.0362799,41431558.0,708756677088.629
Spain,ESP,2003,4135.6172809,3.0,2740.3989013,42187645.0,907491523174.116
Spain,ESP,2004,4173.4740747,3.23,2705.4122029,42921895.0,1069055675273.75
Spain,ESP,2005,4356.0820322,3.22,3007.2495604,43653155.0,1153715822717.51
Spain,ESP,2006,4538.3597705,3.42,3016.6484311,44397319.0,1260398977831.76
Spain,ESP,2007,4874.7485723,3.85,3198.1131017,45226803.0,1474002579820.0
Spain,ESP,2008,4863.7677611,4.31,3485.4755818,45954106.0,1631863493552.34
Spain,ESP,2009,4811.2844156,4.16,3351.8664825,46362946.0,1491472923706.64
Spain,ESP,2010,5034.4030716,3.92,3231.8615047,46576897.0,1422108199783.34
Spain,ESP,2011,4820.9077122,4.42,3148.7311307,46742697.0,1480710495710.12
Spain,ESP,2012,5094.0200696,4.47,3435.225278,46773055.0,1324750738725.0
Spain,ESP,2013,5136.9432641,4.53,3234.0760341,46620045.0,1355579535912.55
Spain,ESP,2014,5405.5576389,4.44,3696.4490575,46480882.0,1371820537888.62
Spain,ESP,2015,5428.5651704,3.82,3523.8334991,46444832.0,1196156971279.69
Spain,ESP,2016,5660.1469376,3.73,3437.4127515,46484062.0,1233554967011.68
Spain,ESP,2017,5414.2292529,3.84,3150.8626438,46593236.0,1313245330197.65
Spain,ESP,2018,5673.0006739,4.1,3095.0306736,46797754.0,1421702715218.04
Spain,ESP,2019,5983.5108496,3.6266469999999997,3252.9162266,47134837.0,1394320055129.41
Sweden,SWE,1990,1766.6740031,3.43,1689.3419997,8558835.0,261846194498.885
Sweden,SWE,1991,1717.0869997,3.29,1603.5569941,8617375.0,274229034311.699
Sweden,SWE,1992,1771.7250019,3.11,1634.1349954,8668067.0,284321115594.629
Sweden,SWE,1993,1756.6010072,2.65,1618.3940015,8718561.0,212953336588.123
Sweden,SWE,1994,1893.2920079,3.79,1669.3730005,8780745.0,229033566614.826
Sweden,SWE,1995,1420.4419989,4.85,1203.8419909,8826939.0,267305875261.099
Sweden,SWE,1996,1522.3792987,3.96,1297.7987908,8840998.0,291743811512.079
Sweden,SWE,1997,1472.8415002,4.35,1240.7410891,8846062.0,268146144677.73
Sweden,SWE,1998,1439.636799,4.41,1248.1246908,8850974.0,270809066780.714
Sweden,SWE,1999,1455.6766993,3.51,1279.2211944,8857874.0,274072182416.731
Sweden,SWE,2000,1344.167892,3.03,1173.0894861,8872109.0,262835454366.855
Sweden,SWE,2001,1432.1803929,2.54,1251.4479866,8895960.0,242395852494.409
Sweden,SWE,2002,1463.3086126,2.55,1224.3520036,8924958.0,266849061835.659
Sweden,SWE,2003,1434.9268933,2.94,1178.293186,8958229.0,334337212322.076
Sweden,SWE,2004,1495.2265968,3.08,1233.5061894,8993531.0,385118044877.465
Sweden,SWE,2005,1693.0028646,2.99,1169.8317427,9029572.0,392218088878.779
Sweden,SWE,2006,1820.4821677,3.16,1315.0355558,9080505.0,423093437423.762
Sweden,SWE,2007,1769.6684756,3.53,1244.3056564,9148092.0,491252589217.021
Sweden,SWE,2008,1804.1263654,3.76,1272.45469,9219637.0,517706149201.196
Sweden,SWE,2009,1658.6543175,3.55,1132.8926737,9298515.0,436537014293.554
Sweden,SWE,2010,1726.6798355,3.99,1221.4490829,9378126.0,495812558843.31
Sweden,SWE,2011,1646.7261696,5.58,1125.013125,9449213.0,574094112972.733
Sweden,SWE,2012,1679.734595,5.2,1159.3298765,9519374.0,552483727282.802
Sweden,SWE,2013,1709.3890993,4.34,1175.1496747,9600379.0,586841821796.891
Sweden,SWE,2014,2198.4630628,4.11,1651.5170689,9696110.0,581964017237.095
Sweden,SWE,2015,2120.5513369,3.82,1622.6213387,9799186.0,505103781349.757
Sweden,SWE,2016,2349.8694959,3.48,1798.3088968,9923085.0,515654671469.547
Sweden,SWE,2017,2306.3321627,3.57,1725.7503702,10057698.0,541018749769.097
Sweden,SWE,2018,2262.2141242,3.24,1683.1776944,10175214.0,555455371487.089
Sweden,SWE,2019,2347.7968201,3.052021,1768.8907332,10278887.0,533879529188.454
Japan,JPN,1990,5329.7500039,10.26,5059.8480044,123478000.0,3132817652848.04
Japan,JPN,1991,5510.469001,11.88,5808.9740021,123964000.0,3584420077100.84
Japan,JPN,1992,5325.6159975,12.62,5132.4319982,124425000.0,3908809463463.86
Japan,JPN,1993,5691.1200039,14.57,5739.8360051,124829000.0,4454143876947.21
Japan,JPN,1994,6217.1510051,14.69,5973.0320057,125178000.0,4998797547740.97
Japan,JPN,1995,5489.087004,17.72,6116.0080055,125472000.0,5545563663889.7
Japan,JPN,1996,5994.1130043,15.24,5837.9470044,125757000.0,4923391533851.63
Japan,JPN,1997,5921.4150006,14.22,5968.1690001,126057000.0,4492448605638.94
Japan,JPN,1998,6026.9650023,13.52,6051.9450025,126400000.0,4098362709531.24
Japan,JPN,1999,6547.4849994,15.32,6272.902,126631000.0,4635982224063.88
Japan,JPN,2000,6908.0089057,12.92,6625.6599099,126843000.0,4968359075956.59
Japan,JPN,2001,6996.1979286,8.6,6935.5949381,127149000.0,4374711694090.87
Japan,JPN,2002,7307.4569309,8.13,6874.6949428,127445000.0,4182846045873.61
Japan,JPN,2003,6922.5729317,8.19,6769.7719493,127718000.0,4519561645253.53
Japan,JPN,2004,7253.9149388,8.75,7116.9799495,127761000.0,4893116005656.56
Japan,JPN,2005,7407.8339939,8.22,7127.9509492,127773000.0,4831467035389.8
Japan,JPN,2006,7631.5520665,8.16,7268.1863162,127854000.0,4601663122649.92
Japan,JPN,2007,7086.223924,8.09,7282.0825522,128001000.0,4579750920354.81
Japan,JPN,2008,7060.0324058,8.32,7064.6851125,128063000.0,5106679115127.3
Japan,JPN,2009,7089.7017574,6.07,7130.4034603,128047000.0,5289493117993.89
Japan,JPN,2010,7407.0803259,6.39,7192.3980023,128070000.0,5759071769013.11
Japan,JPN,2011,7543.8558918,7.35,7014.8538097,127833000.0,6233147172341.35
Japan,JPN,2012,7024.8599398,7.57,7130.9466472,127629000.0,6272362996105.03
Japan,JPN,2013,8381.262867,6.05,7435.140353,127445000.0,5212328181166.18
Japan,JPN,2014,7656.9829903,5.68,7493.6654188,127276000.0,4896994405353.29
Japan,JPN,2015,8063.3980222,5.6,7695.1887219,127141000.0,4444930651964.18
Japan,JPN,2016,8026.1544847,6.21,7871.931796,127076000.0,5003677627544.24
Japan,JPN,2017,7646.6367813,5.95,7742.0094078,126972000.0,4930837369151.42
Japan,JPN,2018,7539.9818233,5.8,7833.5956677,126811000.0,5037835383110.97
Japan,JPN,2019,8039.6779934,5.7119979999999995,7550.8218259,126633000.0,5123318151510.62
Norway,NOR,1990,742.0400021,3.31,726.6640023,4241473.0,119791683307.507
Norway,NOR,1991,761.2149993,3.16,757.6529997,4261732.0,121872464483.487
Norway,NOR,1992,739.1450011,3.12,736.464001,4286401.0,130838040067.584
Norway,NOR,1993,692.8290015,2.46,690.2300011,4311991.0,120579072750.596
Norway,NOR,1994,805.6280003,3.29,799.61,4336613.0,127131461119.927
Norway,NOR,1995,662.0980007,4.54,657.1400004,4359184.0,152029612324.788
Norway,NOR,1996,719.8916018,3.9,713.2946015,4381336.0,163520109150.671
Norway,NOR,1997,683.8884018,4.11,675.019402,4405157.0,161356631888.484
Norway,NOR,1998,706.8768005,3.9,702.4738002,4431464.0,154163364302.66
Norway,NOR,1999,789.9776023,3.35,785.173602,4461913.0,162284465073.341
Norway,NOR,2000,662.237694,2.98,657.200694,4490967.0,171247131268.604
Norway,NOR,2001,716.2465941,2.86,709.938594,4513751.0,173972218824.027
Norway,NOR,2002,697.9739946,3.09,692.2479945,4538159.0,195524186477.617
Norway,NOR,2003,690.6792804,3.48,683.0016581,4564855.0,228858506821.841
Norway,NOR,2004,716.106549,3.84,708.9383708,4591910.0,264511630666.983
Norway,NOR,2005,753.0594269,4.11,743.4161967,4623291.0,308884284051.222
Norway,NOR,2006,731.1092265,3.89,721.2665981,4660677.0,345581369965.54
Norway,NOR,2007,779.8934161,4.47,771.4217104,4709153.0,400937100158.657
Norway,NOR,2008,721.8867359,4.69,714.555655,4768212.0,462250000000.0
Norway,NOR,2009,724.4068942,4.02,715.2394977,4828726.0,386190385318.767
Norway,NOR,2010,759.353092,4.48,745.6995295,4889252.0,428757038466.841
Norway,NOR,2011,794.9170203,5.78,785.1266543,4953088.0,498283438454.281
Norway,NOR,2012,735.4431612,5.48,723.3666752,5018573.0,509506317146.541
Norway,NOR,2013,781.4842885,5.05,763.0605046,5079623.0,522761531914.894
Norway,NOR,2014,743.1754294,7.5,728.954922,5137232.0,498410050251.256
Norway,NOR,2015,799.7403054,5.81,787.5430937,5188607.0,385801550067.169
Norway,NOR,2016,799.1477071,5.56,781.5442022,5234519.0,368827142857.143
Norway,NOR,2017,800.8572992,5.63,781.3912477,5276968.0,398393955268.99
Norway,NOR,2018,743.340422,5.75,734.1667392,5311916.0,436999692591.454
Norway,NOR,2019,785.890388,5.281727,770.6323322,5347896.0,404941363636.364
Russian Federation,RUS,1990,0.0,,,147969407.0,516814274021.956
Russian Federation,RUS,1991,0.0,,,148394216.0,517962962962.963
Russian Federation,RUS,1992,1381.858008,,1377.157008,148538197.0,460290556900.726
Russian Federation,RUS,1993,1794.9460127,,1794.7310127,148458777.0,435083713850.837
Russian Federation,RUS,1994,1725.7300188,,1712.2060188,148407912.0,395077301248.464
Russian Federation,RUS,1995,1728.1440144,,1650.2920132,148375787.0,395537185734.854
Russian Federation,RUS,1996,1127.9720065,,1063.1220063,148160129.0,391724890744.498
Russian Federation,RUS,1997,2185.2884509,,1857.4601794,147915361.0,404928954191.876
Russian Federation,RUS,1998,1731.917618,,1647.0716206,147670784.0,270955486862.442
Russian Federation,RUS,1999,1368.0771672,,1351.7104347,147214776.0,195907128350.934
Russian Federation,RUS,2000,1890.4529068,,1863.0968085,146596869.0,259710142196.943
Russian Federation,RUS,2001,3056.870014,,3032.0986122,145976482.0,306602070620.5
Russian Federation,RUS,2002,3504.0152149,,3451.4307902,145306497.0,345470494417.863
Russian Federation,RUS,2003,3772.2875457,,3678.9769849,144648618.0,430347770731.787
Russian Federation,RUS,2004,3205.3914512,,3076.5782372,144067316.0,591016690742.798
Russian Federation,RUS,2005,3335.8034788,,3184.7579585,143518814.0,764017107992.391
Russian Federation,RUS,2006,3465.1402007,,3220.8113718,143049637.0,989930542278.695
Russian Federation,RUS,2007,4317.8989966,,3977.4379322,142805114.0,1299705764823.62
Russian Federation,RUS,2008,4053.18973,,3632.5801136,142742366.0,1660846387624.78
Russian Federation,RUS,2009,3553.1612896,,3112.8719557,142785349.0,1222644282201.86
Russian Federation,RUS,2010,4155.2569235,7.03,3700.2797932,142849468.0,1524917468442.01
Russian Federation,RUS,2011,4217.6827922,7.75,3754.1902538,142960908.0,2045925608274.37
Russian Federation,RUS,2012,4174.7446231,8.62,3696.1643005,143201721.0,2208295773643.15
Russian Federation,RUS,2013,4410.1934609,8.69,3647.7442442,143506995.0,2292473246621.08
Russian Federation,RUS,2014,4746.9496269,7.65,4021.000026,143819667.0,2059241965490.83
Russian Federation,RUS,2015,4710.0381459,6.43,3845.6881637,144096870.0,1363481063446.77
Russian Federation,RUS,2016,5232.8811694,6.65,4438.5259936,144342397.0,1276786979221.81
Russian Federation,RUS,2017,5467.7826822,7.84,4512.2443725,144496739.0,1574199387070.9
Russian Federation,RUS,2018,5287.5415624,7.38,4233.5037735,144477859.0,1657329646183.62
Russian Federation,RUS,2019,5916.632578,7.116236,4820.0909409,144406261.0,1693113904262.89
Switzerland,CHE,1990,1170.5080015,4.83,907.4790035,6715519.0,265763573999.424
Switzerland,CHE,1991,1130.2920016,4.36,948.8900007,6799978.0,268901693863.319
Switzerland,CHE,1992,1101.2510016,4.52,994.8910031,6875364.0,279921425828.474
Switzerland,CHE,1993,1059.8780009,4.27,868.7910049,6938265.0,272237527070.926
Switzerland,CHE,1994,1099.4060017,4.5,944.3770038,6993795.0,301375055202.164
Switzerland,CHE,1995,1016.829001,6.32,935.1260026,7040687.0,352835806342.495
Switzerland,CHE,1996,1111.6270013,5.43,922.0929996,7071850.0,340103959546.926
Switzerland,CHE,1997,970.7720002,4.79,712.4299971,7088906.0,294788198856.198
Switzerland,CHE,1998,1111.8350017,5.04,810.5270007,7110001.0,303459014346.806
Switzerland,CHE,1999,1138.9260014,4.82,862.7050016,7143991.0,297873643323.126
Switzerland,CHE,2000,1171.4829972,4.09,826.9300283,7184250.0,279216033870.204
Switzerland,CHE,2001,1254.5376794,4.09,816.0902158,7229854.0,286582672434.226
Switzerland,CHE,2002,1216.7448369,4.46,821.0258781,7284753.0,309301422430.386
Switzerland,CHE,2003,1321.8698947,5.12,852.4299329,7339001.0,362075086507.76
Switzerland,CHE,2004,1236.2954943,5.69,722.0164368,7389625.0,403912891033.374
Switzerland,CHE,2005,1641.0493279,5.86,1099.3324491,7437115.0,418284865884.998
Switzerland,CHE,2006,1502.6202816,,931.8893723,7483934.0,441634672196.523
Switzerland,CHE,2007,1823.1084053,,988.9741938,7551117.0,490740715594.802
Switzerland,CHE,2008,1977.6881329,,1149.3016902,7647675.0,567267767519.158
Switzerland,CHE,2009,2101.0004279,5.3,965.5446285,7743831.0,554212916092.271
Switzerland,CHE,2010,2317.6060297,6.59,1011.808333,7824909.0,598851028906.58
Switzerland,CHE,2011,2497.9141443,,1034.4684731,7912398.0,715888126682.396
Switzerland,CHE,2012,2477.957193,,1046.9383274,7996861.0,686420221557.99
Switzerland,CHE,2013,2666.7506995,,1122.7568203,8089346.0,706234937370.968
Switzerland,CHE,2014,2643.1063138,,1027.57822,8188649.0,726537808338.0
Switzerland,CHE,2015,2747.8585079,,1095.7289468,8282396.0,694118186379.628
Switzerland,CHE,2016,2816.0260863,,1066.2376233,8373338.0,687895460902.713
Switzerland,CHE,2017,2903.6180834,,894.1302148,8451840.0,695200833086.499
Switzerland,CHE,2018,3086.0189131,,1170.2869721,8514329.0,725568717468.001
Switzerland,CHE,2019,3228.3829791,,1072.8944201,8575280.0,721369112726.724
Tunisia,TUN,1990,100.999998,,100.999998,8440023.0,12290568181.8182
Tunisia,TUN,1991,90.2010012,,90.2010012,8622853.0,13074782608.6957
Tunisia,TUN,1992,110.5830012,,110.5830012,8802540.0,15497286295.7938
Tunisia,TUN,1993,100.6240008,,100.6240008,8977173.0,14608946896.483
Tunisia,TUN,1994,137.2670004,,137.2670004,9143141.0,15632463424.2784
Tunisia,TUN,1995,136.7830008,,136.7830008,9294102.0,18030876599.3444
Tunisia,TUN,1996,143.6500008,,143.6500008,9430550.0,19587322786.1105
Tunisia,TUN,1997,164.6170008,,164.6170008,9557948.0,20746360430.4187
Tunisia,TUN,1998,147.417,,147.417,9677148.0,21803372266.6198
Tunisia,TUN,1999,185.7474234,,185.4045404,9788067.0,22943685719.103
Tunisia,TUN,2000,192.4495529,,191.7425547,9893316.0,21473261837.0176
Tunisia,TUN,2001,232.9997304,,231.7800844,9995123.0,22066031834.2948
Tunisia,TUN,2002,235.5659343,,234.173039,10094561.0,23142153759.5836
Tunisia,TUN,2003,123.1478844,,119.6613939,10193798.0,27453007372.9142
Tunisia,TUN,2004,263.9106944,,262.9766299,10292225.0,31183059012.4448
Tunisia,TUN,2005,189.9735264,,189.7958557,10388344.0,32273007553.5687
Tunisia,TUN,2006,209.4635923,,200.4041458,10483558.0,34377310293.0128
Tunisia,TUN,2007,253.4181323,,253.3957801,10580395.0,38914078351.8027
Tunisia,TUN,2008,317.612091,,317.4853005,10680380.0,44860969077.1853
Tunisia,TUN,2009,288.7988684,,288.7271606,10784504.0,43454935940.1614
Tunisia,TUN,2010,304.0903304,,301.4742487,10895063.0,46206091937.9628
Tunisia,TUN,2011,428.7820528,,415.3742658,11032528.0,48122744708.0551
Tunisia,TUN,2012,438.9237008,,421.1362765,11174383.0,47311159485.2423
Tunisia,TUN,2013,438.9672683,,429.398177,11300284.0,48684187850.0646
Tunisia,TUN,2014,460.0278903,,459.8521431,11428948.0,50271072627.6727
Tunisia,TUN,2015,458.7069518,,457.8898297,11557779.0,45780077487.7651
Tunisia,TUN,2016,465.5530213,,465.443596,11685667.0,44360754189.9441
Tunisia,TUN,2017,546.1558124,,545.9171145,11811443.0,42163966272.6296
Tunisia,TUN,2018,532.966563,,532.8003905,11933041.0,42685972269.4473
Tunisia,TUN,2019,508.332,,508.1832505,12049314.0,41906113685.9324
United Kingdom,GBR,1990,2898.2980084,10.55,2348.0870104,57247586.0,1093169389204.55
United Kingdom,GBR,1991,2805.9140049,10.41,2341.7400035,57424897.0,1142797178130.51
United Kingdom,GBR,1992,3088.172009,10.09,2516.0080077,57580402.0,1179659529659.53
United Kingdom,GBR,1993,3196.9810113,8.44,2533.6880114,57718614.0,1061388722255.55
United Kingdom,GBR,1994,3465.8600125,11.36,2639.7380123,57865745.0,1140489745944.29
United Kingdom,GBR,1995,2806.7230152,13.79,2199.8060182,58019030.0,1346184314344.33
United Kingdom,GBR,1996,2903.4531141,13.35,2406.0605155,58166950.0,1421619344773.79
United Kingdom,GBR,1997,2929.3380148,14.9,2440.7665182,58316954.0,1561807465618.86
United Kingdom,GBR,1998,3142.4080165,15.42,2587.8203149,58487141.0,1655061278569.06
United Kingdom,GBR,1999,2907.2550112,14.33,2275.7643115,58682466.0,1689289758938.68
United Kingdom,GBR,2000,3012.4008235,12.91,2342.2825933,58892514.0,1666126494174.61
United Kingdom,GBR,2001,3061.8273836,11.85,2214.8251521,59119673.0,1648658413703.76
United Kingdom,GBR,2002,2971.3182038,12.11,2260.7400997,59370479.0,1785843824940.05
United Kingdom,GBR,2003,3002.0182301,13.34,2235.795821,59647577.0,2056612244897.96
United Kingdom,GBR,2004,3328.6803854,14.56,2458.4958999,59987905.0,2422958623214.94
United Kingdom,GBR,2005,3433.3041887,14.74,2680.2344747,60401206.0,2544805454545.45
United Kingdom,GBR,2006,4045.7886348,15.82,3058.7887185,60846820.0,2709911683532.66
United Kingdom,GBR,2007,3780.5481201,17.92,2823.698258,61322463.0,3092821128451.38
United Kingdom,GBR,2008,3967.4576895,16.83,3067.4315451,61806995.0,2931501838235.29
United Kingdom,GBR,2009,4130.9076273,15.99,3220.1118656,62276270.0,2417638261411.43
United Kingdom,GBR,2010,4301.908141,15.7,3134.1443042,62766365.0,2491397494467.95
United Kingdom,GBR,2011,4183.2298796,19.02,2925.4494609,63258810.0,2666403005061.42
United Kingdom,GBR,2012,4126.0536807,19.2,2925.8733238,63700215.0,2706340967030.68
United Kingdom,GBR,2013,4206.0909254,18.92,2827.882509,64128273.0,2786315215249.95
United Kingdom,GBR,2014,4318.695591,20.56,2927.6093072,64602298.0,3065223279583.79
United Kingdom,GBR,2015,4895.4072875,18.91,3591.1325165,65116219.0,2934857946213.47
United Kingdom,GBR,2016,5052.2934594,16.29,3500.5579084,65611593.0,2699659680997.2
United Kingdom,GBR,2017,4989.0378993,17.01,3333.1123413,66058859.0,2683399006715.79
United Kingdom,GBR,2018,5687.8597414,18.4,3787.7004042,66460344.0,2878152147315.82
United Kingdom,GBR,2019,5554.3638794,17.553314,3769.8388862,66836327.0,2857057847953.02
United States of America,USA,1990,21006.7860098,2.97,18297.6180013,249623000.0,5963144000000.0
United States of America,USA,1991,19839.6300126,2.81,18661.1800011,252981000.0,6158129000000.0
United States of America,USA,1992,22939.0330116,2.58,18290.4529958,256514000.0,6520327000000.0
United States of America,USA,1993,19328.7210125,2.47,19217.136997,259919000.0,6858559000000.0
United States of America,USA,1994,16171.2450161,3.4,17326.1039936,263126000.0,7287236000000.0
United States of America,USA,1995,17106.8570142,4.04,17362.8709859,266278000.0,7639749000000.0
United States of America,USA,1996,19444.5331182,3.43,18059.0007895,269394000.0,8073122000000.0
United States of America,USA,1997,20342.7458248,4.11,17795.4481947,272657000.0,8577554457000.0
United States of America,USA,1998,21030.4011333,3.77,18603.7986929,275854000.0,9062818202000.0
United States of America,USA,1999,22746.4323379,3.43,19359.4276931,279040000.0,9631174489000.0
United States of America,USA,2000,23766.839355,3.45,18745.5637179,282162411.0,10250947997000.0
United States of America,USA,2001,21415.1411506,3.09,19553.6538074,284968955.0,10581929774000.0
United States of America,USA,2002,21638.914035,2.92,19124.5109135,287625193.0,10929112955000.0
United States of America,USA,2003,22760.1962049,2.92,20192.6776434,290107933.0,11456442041000.0
United States of America,USA,2004,23183.9535285,2.85,20972.7629194,292805298.0,12217193198000.0
United States of America,USA,2005,23041.5158603,3.26,20997.5440389,295516599.0,13039199193000.0
United States of America,USA,2006,23708.762276,3.2,20667.3795803,298379912.0,13815586948000.0
United States of America,USA,2007,24219.2816408,3.47,21033.2731039,301231207.0,14474226905000.0
United States of America,USA,2008,24277.0043402,,21652.4270057,304093966.0,14769857911000.0
United States of America,USA,2009,23578.0649485,3.67,21435.9671121,306771529.0,14478064934000.0
United States of America,USA,2010,24378.013044,3.91,21783.457919,309327143.0,15048964444000.0
United States of America,USA,2011,26093.3947573,5.19,22043.8913838,311583481.0,15599728123000.0
United States of America,USA,2012,26056.1625744,5.68,22231.6637149,313877662.0,16253972230000.0
United States of America,USA,2013,27015.5401601,5.45,23416.7421984,316059947.0,16843190993000.0
United States of America,USA,2014,27565.4976238,4.99,23766.5105268,318386329.0,17550680174000.0
United States of America,USA,2015,27707.6637017,4.72,24438.2353189,320738994.0,18206020741000.0
United States of America,USA,2016,28837.8378373,4.39,25242.9471207,323071755.0,18695110842000.0
United States of America,USA,2017,29487.886464,4.45,26182.8532456,325122128.0,19477336549000.0
United States of America,USA,2018,28918.207055,4.3,26514.3274041,326838199.0,20533057312000.0
United States of America,USA,2019,30854.0726487,4.141333,27309.9508872,328329953.0,21380976119000.0
